test_mse,test_ci,test_rm2,,
0.1430971145478387,0.8971313881379364,0.8470733075394123,,
