val_mse,val_ci,val_rm2,test_mse,test_ci,test_rm2
1.1298531,0.7035206007100443,0.3980893560665038,1.1233481,0.7045627984423171,0.40449391069907176
