val_mse,val_ci,val_rm2,test_mse,test_ci,test_rm2
0.17085174,0.8871635242171773,0.8134128195049178,0.17302127,0.8860103909215616,0.8032871648523146
