val_mse,val_ci,val_rm2,test_mse,test_ci,test_rm2
0.20282333,0.8712755058508406,0.7782369956353645,0.20389365,0.871075228844687,0.7629616329779925
