val_mse,val_ci,val_rm2,test_mse,test_ci,test_rm2
0.15912054,0.8806305607828012,0.7632228175173416,0.15841947,0.8795018968670024,0.7663416582348693
