val_mse,val_ci,val_rm2,test_mse,test_ci,test_rm2
0.18232247,0.9051339212202286,0.7584536614561901,0.20901184,0.895495596631438,0.7297091065999216
