val_mse,val_ci,val_rm2,test_mse,test_ci,test_rm2
0.36698207,0.7872034135610847,0.5693026089932701,0.3606845,0.7867602796407726,0.5667096773933136
