val_mse,val_ci,val_rm2,test_mse,test_ci,test_rm2
0.32172114,0.9156162763780816,0.5645856745791501,0.32607928,0.9142438027124793,0.556503530827372
