val_mse,val_ci,val_rm2,test_mse,test_ci,test_rm2
0.3378362,0.7959808404502493,0.6066072773208718,0.33044884,0.7958164851208698,0.6164026632748401
