val_mse,val_ci,val_rm2,test_mse,test_ci,test_rm2
0.33392432,0.9136612641815052,0.5533859716725714,0.32843867,0.9133814137373654,0.5459151719598426
