val_mse,val_ci,val_rm2,test_mse,test_ci,test_rm2
0.20273268,0.8988765100608606,0.7134793019991481,0.22014882,0.8927813487021001,0.6965098317713051
