val_mse,val_ci,val_rm2,test_mse,test_ci,test_rm2
0.3206976,0.9156776610645788,0.5750548383298956,0.3188529,0.915279270731339,0.5664622495144158
