val_mse,val_ci,val_rm2,test_mse,test_ci,test_rm2
0.16352,0.8811010759475907,0.7613931410044791,0.16344684,0.8799311924164399,0.741864918725713
