val_mse,val_ci,val_rm2,test_mse,test_ci,test_rm2
0.27702382,0.8602953041983479,0.6225836096956179,0.3089505,0.8540635917391296,0.6005384664863858
