val_mse,val_ci,val_rm2,test_mse,test_ci,test_rm2
0.18754253,0.8809389244822933,0.7823571526638288,0.1884241,0.8821696486438287,0.7821630265144565
