val_mse,val_ci,val_rm2,test_mse,test_ci,test_rm2
0.37128657,0.7860315591750614,0.5612239160325562,0.36527488,0.7850987593343928,0.5606936854282817
