val_mse,val_ci,val_rm2,test_mse,test_ci,test_rm2
0.19869342,0.9006850452695383,0.7257525956612131,0.21532696,0.897190077607045,0.7239524193048716
