val_mse,val_ci,val_rm2,test_mse,test_ci,test_rm2
1.143634,0.7524667814386589,0.3864420759889403,1.1565347,0.7533285321550733,0.3858854367084407
