val_mse,val_ci,val_rm2,test_mse,test_ci,test_rm2
0.15403731,0.8822899478234091,0.7651478630332103,0.15539356,0.8827050660133295,0.7347387751877773
