val_mse,val_ci,val_rm2,test_mse,test_ci,test_rm2
0.1873697,0.8790690753164122,0.797847871886205,0.19332963,0.8776113443866876,0.7818953870075794
