val_mse,val_ci,val_rm2,test_mse,test_ci,test_rm2
0.2067511,0.8969347063381224,0.730972151485336,0.2178555,0.8952692370072562,0.7128425643492349
