val_mse,val_ci,val_rm2,test_mse,test_ci,test_rm2
0.3607034,0.7851161095291677,0.5768615614195586,0.3580104,0.7857316496687623,0.5782193498463191
