val_mse,val_ci,val_rm2,test_mse,test_ci,test_rm2
12892.014,0.5019900117073682,0.0001808449562757,12843.453,0.5023608481998395,0.00028332598205364307
