val_mse,val_ci,val_rm2,test_mse,test_ci,test_rm2
0.15915099,0.8853004872740067,0.7684967721893754,0.15748185,0.8843023318962442,0.7576756389839564
