test_mse,test_ci,test_rm2,,
0.2793910398402202,0.8143304974358213,0.679533909121868,,
