val_mse,val_ci,val_rm2,test_mse,test_ci,test_rm2
0.30229974,0.8026593672434558,0.6352866371214291,0.3231692,0.7985523033368562,0.6131335650726986
