val_mse,val_ci,val_rm2,test_mse,test_ci,test_rm2
0.33670002,0.9118754329574238,0.5262545239402099,0.33429325,0.9121753555450056,0.5264541153492784
