val_mse,val_ci,val_rm2,test_mse,test_ci,test_rm2
1.1518642,0.7478754014430762,0.3809501863484771,1.1619717,0.7481250672144942,0.37991429734945165
