val_mse,val_ci,val_rm2,test_mse,test_ci,test_rm2
0.18718067,0.9042590878229532,0.7577055064958308,0.22544983,0.8916766586011373,0.7012452597132451
