val_mse,val_ci,val_rm2,test_mse,test_ci,test_rm2
1.1396574,0.7481963110048764,0.3813242100465009,1.1430143,0.7490997726379175,0.3857173119968831
