val_mse,val_ci,val_rm2,test_mse,test_ci,test_rm2
0.3322238,0.9142479030292228,0.5463812428524488,0.3243795,0.9142889529734461,0.5458064564515803
