val_mse,val_ci,val_rm2,test_mse,test_ci,test_rm2
0.20453864,0.8750575733106041,0.7685713575036862,0.1896273,0.8788099983496883,0.7963009884702568
