val_mse,val_ci,val_rm2,test_mse,test_ci,test_rm2
0.21198161,0.8974076035981894,0.7297305667047715,0.2190826,0.8934479456332579,0.715283467636204
