val_mse,val_ci,val_rm2,test_mse,test_ci,test_rm2
0.18551281,0.8759616732144444,0.8035364271076794,0.18089499,0.8787716370329031,0.791769220904965
