val_mse,val_ci,val_rm2,test_mse,test_ci,test_rm2
0.15192437,0.8875138859621067,0.7759592661127783,0.15724112,0.8840760434433221,0.752416790070638
