val_mse,val_ci,val_rm2,test_mse,test_ci,test_rm2
0.21818836,0.8660068617651554,0.7977068543959505,0.20402472,0.8661462210974548,0.7992128223476516
