val_mse,val_ci,val_rm2,test_mse,test_ci,test_rm2
1.1463895,0.7463394616010223,0.3882037869079602,1.139439,0.747657310903644,0.39133458474762534
