test_sensitivity,test_specificity,test_auc,test_auprc,test_threshold
0.8792650918635171,0.8542691496837667,0.9306912081790901,0.7140832201312716,0.4742736434054464
