test_mse,test_ci,test_rm2,,
0.18866554060003715,0.9147866284867308,0.7443194381603463,,
