val_mse,val_ci,val_rm2,test_mse,test_ci,test_rm2
0.38057342,0.896674978119135,0.5049894776278842,0.3691581,0.8977373249045087,0.506293321333197
