val_mse,val_ci,val_rm2,test_mse,test_ci,test_rm2
0.20197067,0.898155125412002,0.69445908465596,0.21551263,0.8947785359004373,0.6967359660489696
