val_mse,val_ci,val_rm2,test_mse,test_ci,test_rm2
0.19869363,0.8917321833089256,0.7324522849939253,0.2149606,0.8960339282139812,0.7178927479163493
