val_sensitivity,val_specificity,val_auc,val_auprc,val_threshold,test_sensitivity,test_specificity,test_auc,test_auprc,test_threshold
0.8625,0.8513703443429375,0.9101458186929025,0.4597049662375057,0.5779997,0.8811881188118812,0.8579187105816398,0.9299795781960818,0.40354729440651843,0.6537426
