val_mse,val_ci,val_rm2,test_mse,test_ci,test_rm2
0.41830203,0.7531055695470129,0.4057463676251587,0.3945797,0.7544538754875617,0.4174658507300924
