val_mse,val_ci,val_rm2,test_mse,test_ci,test_rm2
0.41928068,0.7759440159599416,0.6015642688123848,0.43528774,0.7690506451523775,0.5687358023210338
