val_mse,val_ci,val_rm2,test_mse,test_ci,test_rm2
0.3313001,0.9139690584338286,0.5543142902234346,0.33282322,0.9137710044062365,0.5447070818800868
