val_mse,val_ci,val_rm2,test_mse,test_ci,test_rm2
1.1129596,0.7620232762393501,0.3934989319629041,1.124492,0.7629940196557172,0.3932830309145485
