val_mse,val_ci,val_rm2,test_mse,test_ci,test_rm2
0.327958,0.914092931925669,0.5702265280705442,0.32288483,0.9125081367918536,0.5671138984754789
