val_mse,val_ci,val_rm2,test_mse,test_ci,test_rm2
0.3449271,0.789002881726199,0.5626158046606172,0.3567422,0.7878100339140888,0.563799544395733
