test_sensitivity,test_specificity,test_auc,test_auprc,test_threshold
0.9108910891089109,0.8488086895585144,0.9380485613382642,0.4688616055961938,0.48988205767965093
