val_mse,val_ci,val_rm2,test_mse,test_ci,test_rm2
0.16916674,0.8710519311249678,0.7540072555750336,0.16805448,0.871729004902266,0.7525776734802675
