test_mse,test_ci,test_rm2
0.3073124303532505,0.922142213872982,0.5814054391689945
