val_mse,val_ci,val_rm2,test_mse,test_ci,test_rm2
0.51975155,0.7286594147618676,0.4220243946928431,0.5272334,0.7260362451351665,0.42521964487045905
