val_mse,val_ci,val_rm2,test_mse,test_ci,test_rm2
0.15296908,0.8840925988102086,0.7857070784762152,0.1497849,0.8851405425977867,0.7729212308403298
