test_mse,test_ci,test_rm2,,
0.12805694050168745,0.8979378329109795,0.7769388800832729,,
