val_mse,val_ci,val_rm2,test_mse,test_ci,test_rm2
0.37027192,0.784767201082352,0.5402167053534878,0.35952595,0.7857964142696683,0.5677251790691958
