val_mse,val_ci,val_rm2,test_mse,test_ci,test_rm2
0.33386165,0.797937065983357,0.6171819945939506,0.32762274,0.7963267494391507,0.6214595516422043
