val_mse,val_ci,val_rm2,test_mse,test_ci,test_rm2
1.5338192,0.627623128476449,0.1956441506552343,1.5391995,0.6295046589280517,0.20228175063699183
