val_mse,val_ci,val_rm2,test_mse,test_ci,test_rm2
1866.4487,0.4352696303728275,0.0077261436014106,1862.7269,0.4340418701576272,0.009006918619088993
