test_sensitivity,test_specificity,test_auc,test_auprc,test_threshold
0.8696750902527076,0.8705537220388706,0.9367594280487014,0.9438048969237353,0.5082181842169325
