val_mse,val_ci,val_rm2,test_mse,test_ci,test_rm2
0.15362278,0.8826761562459584,0.763843041505796,0.15784694,0.8817336649941896,0.7539912322751101
