val_mse,val_ci,val_rm2,test_mse,test_ci,test_rm2
1.0924911,0.7420077156600792,0.4117927553986749,1.0790777,0.7434276769832704,0.4189441581072732
