test_mse,test_ci,test_rm2,,
0.9365209294482912,0.7707204272994298,0.4851030557481701,,
