val_sensitivity,val_specificity,val_auc,val_auprc,val_threshold,test_sensitivity,test_specificity,test_auc,test_auprc,test_threshold
0.8495702005730659,0.8631656804733728,0.9160680452179516,0.920647764342576,0.6811123,0.8368231046931408,0.8478181151448478,0.9097003623346691,0.9100683027511943,0.70214725
